tweet_text;tweet_full_text;personal_mark
@pierre_rochard @AriDavidPaul @hodlonaut @PeterMcCormack @JaEsf @lopp @TuurDemeester @nic__carter @CryptoN_T… https://t.co/6A9kNE7lLK;@pierre_rochard @AriDavidPaul @hodlonaut @PeterMcCormack @JaEsf @lopp @TuurDemeester @nic__carter @CryptoN_T @MrHodl @Excellion @adam3us @gavinandresen No! We are all bitcoin lovers hurr durr!;0.2
@mindstatex @derekm00r3 @TweetyBirdbrain @BitcoinJerry @JamesBelding @Ahankara @cryptomanran @MrsG_MC I was having… https://t.co/E4F561FVz9;" @derekm00r3 @TweetyBirdbrain @BitcoinJerry @JamesBelding @Ahankara @cryptomanran @MrsG_MC I was having a chat the other day during a Bitcoin &amp; Beyond live stream. so she's still around  Also Derek might know. was she also operating a BSV block explorer that's shut down recently?";-0.2
Is Bitcoin coming to Facebook Messenger?  #Bitcoin #BitcoinNews #FacebookNews   https://t.co/1QbtyfyZU6;None;0
Top50 #Cryptocurrency IN/OUT update in last 12 hours (#crypto #bitcoin #altcoin): IN: $BCD OUT: $HT https://t.co/u2nM5wdEcc;None;0
Exciting news! Long #Bitcoin $BTC. short the bankers!! @APompliano https://t.co/lgdEcYI40y;According to a new report titled “Crypto ATM Market – Forecasts from 2019 to 2024.” the global market for cryptocurrency automated teller machines is expected to explode at a compound annual growth rate of 46.61% — reaching $183.779 million USD by 2024. https://t.co/1pMyK3FVys;0.4
Free mining bitcoin no deposit. Free Bitcoin  no need to invest. Free cloud mining. Verified by. Pay 100% $ Sign Up… https://t.co/Bbun8gjvsT;Free mining bitcoin no deposit. Free Bitcoin  no need to invest. Free cloud mining. Verified by. Pay 100% $ Sign Up - https://t.co/4svrg7rzfe https://t.co/7sHJ6qS6IQ;0.5
@ #1, Bitcoin with unit price of $3,984.45, market cap of $70,173,114,594 (50.65%), and 24 hr vol. of $10,709,482,973.1 (31.38%);None;0.2
Apple facing US import ban on some iPhones in #tech dispute SAN FRANCISCO — A mind-bending battle over some of the… https://t.co/GgTS0Q14kp;Apple facing US import ban on some iPhones in #tech dispute SAN FRANCISCO — A mind-bending battle over some of the technology used in iPhones became even more muddled Tuesday when a federal trade agency handed separate victories to ... https://t.co/53cdd9pynA #bitcoin #iot #data;-0.4
Learn more about Bitcoin on our site: https://t.co/zC6O2Xrv0Q https://t.co/yjOc8LWTrP;None;0
Total #crypto market cap is $132,516,120,189 USD #bitcoin #cryptocurrency $btc $eth #ethereum;None;0
"#BTC price increased! Buying @ $3945.27 &amp; Selling @ $3945.27  $btc $eth $etc $neo $dgb $dash $strat $eos $omg $pay $xrp $xmr $gas 😉";None;0.4
#cryptocurrency Price Analysis for #Bitsend #BSD : ⬆️ Last Hour Change : 1.79 % || 27-03-2019 02:00 Price in #USD :… https://t.co/ATLB0EXFhv;#cryptocurrency Price Analysis for #Bitsend #BSD : ⬆️ Last Hour Change : 1.79 % || 27-03-2019 02:00 Price in #USD : 0.0535564377 || Price in #EUR : 0.0475018288 New Price in #Bitcoin #BTC : 0.00001346 || #Coin Rank 741;0
Average Bitcoin market price is: USD 3,945.27, EUR 3,487.98;None;0
$BTC maximalist price (e.g. 100% dominance): $7,408 USD #bitcoin #cryptocurrency 👑 $crypto;None;0.2
27-Mar-19, 1:00 AM, BTC-Price: 3481.20, Last buy: 3471.70, Wavetrend: 7.21, Current Trade Return: 0.27pct;None;0
$BTC is now worth $3,983.92 (+0.24%) #BTC  ➡️ https://t.co/lNpLBdQRKt;None;0
#Electroneum is now at USD $0.0060118343 and BTC 0.0060118343 (Up 1.15% last 24 hours) #ETN GET ALERTS SENT DIRECTL… https://t.co/cpAHBCBxTU;"#Electroneum is now at USD $0.0060118343 and BTC 0.0060118343 (Up 1.15% last 24 hours) #ETN GET ALERTS SENT DIRECTLY TO YOUR INBOX =&gt; https://t.co/VAYWhvVHaj";0
Current BTC Price: $ 3,921.46. The 24H Change is 0.36%,  24H Volume is $ 15,174,814.2 and the current marketcap is… https://t.co/4e1OS72ESf;Current BTC Price: $ 3,921.46. The 24H Change is 0.36%,  24H Volume is $ 15,174,814.2 and the current marketcap is $ 69.06 B. #BTC #Ticker #CryptoTickerPro;0
#Cardano is now at USD $0.0622841951 and BTC 0.0622841951 (Up 19.2% last 7 days) #ADA GET ALERTS SENT DIRECTLY TO Y… https://t.co/NzbxqQyvaG;"#Cardano is now at USD $0.0622841951 and BTC 0.0622841951 (Up 19.2% last 7 days) #ADA GET ALERTS SENT DIRECTLY TO YOUR INBOX =&gt; https://t.co/ekFwApd7qT";0
You Suffer . . . But why !? Bitcoin just hit $3,943.88, time to remotely toggle your rig at home... #bitcoin;None;-0.8
A $XMR is worth 0.01330678 BTC;None;0
@ErikVoorhees Commodity currencies (digital or physical) fail to do any of these things.  Commodity currencies are… https://t.co/yQAfdspxPF;ErikVoorhees Commodity currencies (digital or physical) fail to do any of these things.  Commodity currencies are useful, however, in case of societal collapse.  That makes BTC and GLD a good hedge.;0
$ETH is now worth $135.46 (+0.20%) and 0.03404242 BTC (-0.12%) #ETH  ➡️ https://t.co/KYxFJ3q4Wc;None;0
Bitcoin [BTC] and other mineable cryptocurrencies account for around 70% of total market capitalization  #crypto https://t.co/R1W2lhg0b8;None;0
Top 10 Mentions on Twitter in the last hour - $BTC $XLM $XRP $ETH $LTC $EOS $BAT $NEO $TRX $BCH   More on… https://t.co/rchjjIalu1;Top 10 Mentions on Twitter in the last hour - $BTC $XLM $XRP $ETH $LTC $EOS $BAT $NEO $TRX $BCH   More on https://t.co/ke7SHQm6tN 🚀 https://t.co/3wgmLhCdEE;0
#Bitcoin Social Sentiment is currently MIXED (0%). Visit https://t.co/BCZzlVBhQH to find out why. $BTC $BTCUSD Wedn… https://t.co/EYWpaldvzP;#Bitcoin Social Sentiment is currently MIXED (0%). Visit https://t.co/BCZzlVBhQH to find out why. $BTC $BTCUSD Wednesday, 27 March 2019 12:00AM;0
$GNT is now worth $0.0820 (+0.94%) and 0.00002060 BTC (+0.64%) #GNT  ➡️ https://t.co/xEimydKpzO;None;0
OAXBTC is overbought on @binance #cryptocurrency #bitcoin #altcoins #btc #OAX;None;0
BitcoinAverage - bitcoin price index - ($ 3946.3) - https://t.co/z6cbnPDdmv #bitcoin https://t.co/KzwpJ1tHtR;None;0
BitcoinCore $BTCC stats:  price: $0.106 / 0.00002664 BTC  24h vol: 0.02 BTC BTC @ $ 3,983.92;None;0
$NEO is now worth $8.98 (+0.57%) and 0.00225601 BTC (+0.25%) #NEO  ➡️ https://t.co/IfL7bEdSRV;None;0
Current prices and changes in the last hour:  $BTC: $3984.45 | 0.27% $ETH: $135.40 | 0.13% $XRP: $0.305209 | 0.80%… https://t.co/1jhe2AfGUd;Current prices and changes in the last hour:  $BTC: $3984.45 | 0.27% $ETH: $135.40 | 0.13% $XRP: $0.305209 | 0.80% $LTC: $59.36 | 0.75% $EOS: $3.76 | 1.90% $BCH: $160.51 | 0.70% $BNB: $16.34 | -0.18% $USDT: $1.01 | 0.03% $XLM: $0.103352 | 0.33% $ADA: $0.062284 | 0.49%;0
"Check all here --&gt; https://t.co/S1I0bDpMr2  On #Kraken #DASH to #BTC -- &gt; 0.02247, volume --&gt; 4827  On #Binance… https://t.co/dWcbu05EQq";"Check all here --&gt; https://t.co/S1I0bDpMr2  On #Kraken #DASH to #BTC -- &gt; 0.02247, volume --&gt; 4827  On #Binance #BTC to #USD -- &gt; 3620.97, volume --&gt; 23565  On #Livecoin #BTC to #RUB -- &gt; 254243.80479, volume --&gt; 32  On #Exmo #ETH to #EUR -- &gt; 122.46734859, volume --&gt; 1294 https://t.co/CfApKJRZ95";0
$XRP is now worth $0.305 (+0.58%) and 0.00007657 BTC (+0.25%) #XRP  ➡️ https://t.co/rmGIxiU3Q2;None;0
Don't want to miss any of our public #crypto trading #signals? Want instant updates of our premium channel… https://t.co/DYDTegproh;Don't want to miss any of our public #crypto trading #signals? Want instant updates of our premium channel #performance?  Searching for #crypto news?  Get instantly notified on our public telegram channel  Join now at https://t.co/akfmLiArya  #DGB #SC #MFT #EOS #XVG #BTC #TRX https://t.co/OgPa1LBszd;0.2
$SC is now worth $0.00258 (+0.03%) and 0.00000065 BTC (0.00%) #SC  ➡️ https://t.co/bx0KmAC84b;None;0
Delta Exchange allows leverage trading to multiply profits. 15% reduced fees for 6 months. Start Trading!.  ➡️… https://t.co/ZeWAAmMqCd;Delta Exchange allows leverage trading to multiply profits. 15% reduced fees for 6 months. Start Trading!.  ➡️ https://t.co/JL5s3K68ud  #bitcoinnews #cryptotrading #bitcoin #bitcoins #cryptocurrency #cryptoexchange https://t.co/aOvZIaaIs5;0.2
$BTCUSD ALERT: 24hr volume was -34.43% lower than the 30 day average. Current price: $3921.45 $btc #bitcoin https://t.co/tVISMp2sqZ;None;-0.2
$BCH is now worth $161.47 (+1.40%) and 0.04057811 BTC (+1.08%) #BCH  ➡️ https://t.co/OBPowSSXLe;None;0
New Chrome Extension Exposes Twitter Users' Cryptocurrency Bias #twitter #cryptocurrency #browserextension… https://t.co/2jpCujvyIE;New Chrome Extension Exposes Twitter Users' Cryptocurrency Bias #twitter #cryptocurrency #browserextension #socialnetwork #opensourcemodel #bitsmart https://t.co/ruu4FcZWqQ;0.2
"This tweet, ""Get to know the QuarkChain pool of experts running the platform! https://t.co/Z0gWiNkwVX #QKC… https://t.co/GzOdG7Gzqi";"This tweet, ""Get to know the QuarkChain pool of experts running the platform! https://t.co/Z0gWiNkwVX #QKC #Blockchain #BTC #ETH #blockchaintechnology #sharding"" hasn't been tweeted more than 0 times.";0
"This tweet, ""Basic Attention Token Price Surges as $0.22 Seems Ripe for the Taking ➡️https://t.co/SPtSOMM3Y0 🗺️ ▶️… https://t.co/cQUVOjvtMV";"This tweet, ""Basic Attention Token Price Surges as $0.22 Seems Ripe for the Taking ➡️https://t.co/SPtSOMM3Y0 🗺️ ▶️https://t.co/eYXApMJlim #newsoftheweek #Bitcoin #blockchain #crypto https://t.co/hKrM7felG8"" hasn't been tweeted more than 0 times.";0
$LTC is now worth $59.32 (+0.70%) and 0.01490599 BTC (+0.37%) #LTC  ➡️ https://t.co/cScw5PqWEa;None;0
RT @_CryptoReporter: YouTube Accidently Runs Crypto-Ad Containing Malware  https://t.co/kHzQZAIKRG  #Blockchain #Crypto #BTC #EOS #ETH #bit…;YouTube Accidently Runs Crypto-Ad Containing Malware  https://t.co/kHzQZAIKRG  #Blockchain #Crypto #BTC #EOS #ETH #bitcoin #LTC #XLM #IOTA #NEO #dash #ETC #BCH #XRP #ZeCash #Cardano #ADA #IOHK #TRX #TMT #fintech;-0.2
$XMR is now worth $52.95 (-0.18%) and 0.01330524 BTC (-0.50%) #XMR  ➡️ https://t.co/UqSYMArARS;None;0
@DropXLemon @C3_Nik @galgitron @Bez1974 https://t.co/5mFnJwPW5A — can you honestly say smart $ (institutional inves… https://t.co/86JVnNhzK2;Ryan Zagone explains why PoW is useless for adoption. In the middle IMF’s Deputy General Counsel Ross Leckow! On the right side 2 bitcoin maximalist. https://t.co/Jh2N2E2sSz;-0.2
$XLM is now worth $0.1034 (+0.57%) and 0.00002598 BTC (+0.23%) #XLM  ➡️ https://t.co/2m9Ikbh8ow;None;0
Market Update: The price of #Bitcoin is currently $3978.20  #Crypto $BTC #BTC  View the coin here here: https://t.co/ycSnnrGeFC;None;0
Tone Vays Trading Bitcoin - From the Pyramids at Giza 😎  https://t.co/xNecc6i0RA https://t.co/ZIu8n4OhgV;None;0.2
#BTC #bitcoin $3946.36 #ETH #ethereum $134.13 #BCH #Bitcoin Cash $397.34 #ltc #litecoin $58.64 #XRP #ripple $0.3… https://t.co/TLgH7gQpWi;#BTC #bitcoin $3946.36 #ETH #ethereum $134.13 #BCH #Bitcoin Cash $397.34 #ltc #litecoin $58.64 #XRP #ripple $0.3 #XMR #monero $51.67 #DSH #dash $88.8 #criptovalute #valutevirtuali  https://t.co/cMNqFfDMDW;0
Mar 26, 2019 05:00PM #Bitcoin Price: USD 3955.50 | EUR 3463.25 | JPY 430974.85;None;0
$BTC : +0.23%📈 3982$ Top (last h): $ENG : +15.04%📈 15815st $PIVX : +3.98%📈 23243st $ZIL : +2.50%📈 480st $PAI : +2.3… https://t.co/P76kKgi2Mm;$BTC : +0.23%📈 3982$ Top (last h): $ENG : +15.04%📈 15815st $PIVX : +3.98%📈 23243st $ZIL : +2.50%📈 480st $PAI : +2.38%📈 1281st Worst (last h): $AOA : -5.57%📉 320st $WICC : -2.96%📉 6703st $OMG : -1.05%📉 41344st #cryptocurrency #blockchain;0
User experience designer - AI startup - Breezy HR ( Harwell, UK )  - [ 📋 More Info  https://t.co/7grRQJAboz ]  #IoT… https://t.co/1KHSKmP2x6;User experience designer - AI startup - Breezy HR ( Harwell, UK )  - [ 📋 More Info  https://t.co/7grRQJAboz ]  #IoT #jobs #Hiring #Careers #Harwell #UK #Cryptocurrency #Blockchain #BTC #BitCoin #ETH #crypto https://t.co/94dZlmYAfg;0
TOP-12 most-mentioned #crypto this hour: 1. #bitcoin 2. #ethereum 3. #xrp 4. #nem 5. #eos 6. #stratis 7. #cardano 8… https://t.co/kbUONNqbPa;TOP-12 most-mentioned #crypto this hour: 1. #bitcoin 2. #ethereum 3. #xrp 4. #nem 5. #eos 6. #stratis 7. #cardano 8. #dash 9. #digitexfutures 10. #litecoin 11. #waves 12. #status #cryptocurrency #altcoin #blockchain #news #CryptoBuzzTracker https://t.co/b4Q6zgHjAt;0
One Bitcoin now worth $3943.880. Market Cap $69.459 Billion. Based on #coindesk BPI #bitcoin;None;0
�� Total Market Cap: $138,547,002,367 💵 1 BTC: $3,984.45 🔴 BTC Dominance: 50.66% ⏰ Update Time: 27-03-2019 - 03:00:05 (GMT+3);None;0
#Weiss #Crypto #Ratings Puts #Bitcoin Aside #EOS and #XRP in Annual Outlook - https://t.co/fBn1B9Qdgp $BTC $EOS $XRP #BTC #Ripple;None;0
#MTH - Sharp decrease 1h: -8.8% V: 13.9M$ on https://t.co/fC7n9Xb8X9   Users are notified 1H ago via… https://t.co/4PXvXZpsxI;"#MTH - Sharp decrease 1h: -8.8% V: 13.9M$ on https://t.co/fC7n9Xb8X9   Users are notified 1H ago via https://t.co/mfcT6cyBbr &amp; App.   #blockchain #cryptocurrency #altcoins #coinalert #crypto $MTH $BTC $ETH $XRP $BCH $LTC $EOS $NEO $TRX $BTT #binance #okex https://t.co/BWUra7jcpE";0
#SocialistesQueDecidim Who makes money from bitcoin https://t.co/uCOJzXyhfY https://t.co/9RhzErZ8xo;None;0
A new post: Crypto Analytics Firm Messari Introduces New Exchange Index Following Fake Volume Reports is added on… https://t.co/t0RwayROis;A new post: Crypto Analytics Firm Messari Introduces New Exchange Index Following Fake Volume Reports is added on https://t.co/fel65v6AHx #altnewsnu #altcoin #bitcoin #news;0
Bitcoin (BTC) price: $3942.61, 24HR change: 13.51 Ethereum (ETH) price: $134.29, 24HR change: 0.01;None;0
"Sign up for Lolli using my referral link --&gt; https://t.co/nLFNFiynsK - &amp; earn free BTC...we both earn free BTC...PE… https://t.co/I4kzyUd1j0";"when u first learn about sound money    {\__/} ( • - •) 💵&lt; \  {\__/} ( • . •) / &gt;💵  {\__/} ( • . •)  / &gt;   |               💵    {\__/} ⌐■_■) / &gt;   |                               🔥💵🔥                                           🔥🔥";0
Cryptobridge's Volume : 234.18 BTC and 0.92 MUSD at 00:00 on 27-03-2019;None;0
RT @misir_mahmudov: Bitcoin is a universal unit of measurement  Just like 1 meter always = 100 cm, 1 bitcoin always = 100,000,000 sats  Usi…;Bitcoin is a universal unit of measurement  Just like 1 meter always = 100 cm, 1 bitcoin always = 100,000,000 sats  Using the dollar to value things (incl. BTC) makes little sense as its supply always changes  Imagine trying to measure smth if a meter constantly changed in length;0.2
This is great project. The professional team will ensure the stable development of the project. I hope that the pro… https://t.co/nIcDSbRRUI;This is great project. The professional team will ensure the stable development of the project. I hope that the project will be interested in large investment funds. I recommend you to participate on it. #bitenny  #ICO #Crowdsale #Bitcoin #Blockchain #Token #ETH #Ethereum;0.4
#OAX - Rapid increase 1h: 8.6% V: 64.2M$ on https://t.co/fC7n9Xb8X9   Users are notified 1H ago via… https://t.co/suaIrzS3xX;"#OAX - Rapid increase 1h: 8.6% V: 64.2M$ on https://t.co/fC7n9Xb8X9   Users are notified 1H ago via https://t.co/mfcT6cyBbr &amp; App.   #blockchain #cryptocurrency #altcoins #coinalert #crypto $OAX $BTC $ETH $XRP $BCH $LTC $EOS $NEO $TRX $BTT #binance #okex https://t.co/CGBSCaIRc9";0.2
Long/Short BTC moves with up to 100x Leverage at PrimeXBT! 💰👑  Join right away and trade your $50 into $7500:  ✅… https://t.co/hJ5u2cwGoJ;Long/Short BTC moves with up to 100x Leverage at PrimeXBT! 💰👑  Join right away and trade your $50 into $7500:  ✅ https://t.co/t3wFBDMZmM ✅  Make money even if BTC is dropping! 📉📉  $BTC | $DGB | $GTO | $BTC | $HC | $POLY | $AOA | $BTC | $BTT | $LA | https://t.co/J3Ii2cDUKs;0.4
"$1,006,731 worth of #Bitcoin sold at $3,915.5 00:00:08.067Z 2019/03/27 | https://t.co/crJvC75GzW| 💰💰💰💰💰💰💰💰💰💰 ""Wait… https://t.co/z6aCxnjdbg";"$1,006,731 worth of #Bitcoin sold at $3,915.5 00:00:08.067Z 2019/03/27 | https://t.co/crJvC75GzW| 💰💰💰💰💰💰💰💰💰💰 ""Wait for the bounce, then short the corn""";0
RT @TIPMayerMultple: Mar 26, 2019: The current Mayer Multiple is 0.83 with a $BTC price of $USD 3,935.29 and a 200 day moving average of $4…;Mar 26, 2019: The current Mayer Multiple is 0.83 with a $BTC price of $USD 3,935.29 and a 200 day moving average of $4,734.60 USD. The @TIPMayerMultple has historically been higher 78.94% of the time with an average of 1.48. Learn more at: https://t.co/9n0xlTWuNP;0
Bitmain IPO Filing With Hong Kong Stock Exchange Expires Today https://t.co/aQ9Zff5CWe #BitmainIPO #CryptoNews #bitcoin;None;0
#computerart : #bitcoin #blockchain 's LAST Block, Height : 568938 [ See more on https://t.co/p7nE81m7aK ] https://t.co/p0KIrg0w5Z;None;0
"This tweet, ""RT decimated_game: We are live on latokens now! https://t.co/yVcyEmLtj3  #crypto #btc #eth #dio… https://t.co/8pB9DoNGOr";"This tweet, ""RT decimated_game: We are live on latokens now! https://t.co/yVcyEmLtj3  #crypto #btc #eth #dio #airdrop #cryptocurrencynews #blockchain…"" has been retweeted 92 times.";0.2
[00:00] Most mentioned tickers in the last 4 hours: $BTC $XLM $ETH $XRP $BAT $TRX $ADA $BNB $RVN $LTC https://t.co/n2H3f03jur;None;0
#EVX - Sharp decrease 1h: -7.5% V: 183.6M$ on https://t.co/fC7n9Xb8X9   Users are notified 1H ago via… https://t.co/A5z3XP9zwU;"#EVX - Sharp decrease 1h: -7.5% V: 183.6M$ on https://t.co/fC7n9Xb8X9   Users are notified 1H ago via https://t.co/mfcT6cyBbr &amp; App.   #blockchain #cryptocurrency #altcoins #coinalert #crypto $EVX $BTC $ETH $XRP $BCH $LTC $EOS $NEO $TRX $BTT #binance #okex https://t.co/XKodr58VYn";0
Start earning your first bitcoin with only 100USD https://t.co/dRMz49Ndgd;None;0.2
Top 5  $TNC $USDT on @gate_io +9% $MTH $BTC on @hitbtc +11% $MTH $BTC on @hitbtc +11% $UKG $BTC on @quoinexchange +… https://t.co/mfDELwgcSK;Top 5  $TNC $USDT on @gate_io +9% $MTH $BTC on @hitbtc +11% $MTH $BTC on @hitbtc +11% $UKG $BTC on @quoinexchange +17% $UKG $BTC on @quoinexchange +17%;0
RT jonnylitecoin: A major driver of #Bitcoin and #Litecoin Payment Adoption is going to be credit card fees being passed on to the consume…;None;0
Injection Moulding Setter. - Sierra 57 Consult Ltd ( United Kingdom )  - [ ➡ https://t.co/WFzOqKHuk6 ] #Robotics… https://t.co/vRUcWAh9K5;Injection Moulding Setter. - Sierra 57 Consult Ltd ( United Kingdom )  - [ ➡ https://t.co/WFzOqKHuk6 ] #Robotics #AI #ArtificailIntelligence #Robots #AI  #jobs #Hiring #Careers  #Cryptocurrency #Blockchain #BTC https://t.co/iyhJJFiz21;0
�� #Robostopia Smart #CryptoCurrency Trader Bot for #Binance and #Bittrex ✅ Trailing Stop-Loss, Buy or Sell… https://t.co/NfKCwFx5cp;📢 #Robostopia Smart #CryptoCurrency Trader Bot for #Binance and #Bittrex ✅ Trailing Stop-Loss, Buy or Sell #altcoins / BTC pairs. ✅ Auto Renew Orders ✅ Profit / Loss notifications by transactions. ✅ Completed Order notifications and many more.. 👉 https://t.co/vtm2aTYKA0 https://t.co/ohKvRy7z5K;0
Bitcoin.    Overhyped AND underestimated.   Both can be true.;None;0.2
�� Market Cap: $138,542,346,776 👊 BTC Dominance: 50.66% 1️⃣ BTC: $3,983.92 | 1H: 0.27% 2️⃣ ETH: $135.46 | 1H: 0.18%… https://t.co/uOtiQgmGBP;💰 Market Cap: $138,542,346,776 👊 BTC Dominance: 50.66% 1️⃣ BTC: $3,983.92 | 1H: 0.27% 2️⃣ ETH: $135.46 | 1H: 0.18% 3️⃣ XRP: $0.31 | 1H: 0.77% 4️⃣ LTC: $59.34 | 1H: 0.73% 5️⃣ EOS: $3.76 | 1H: 1.87% ⏰ 27.03.2019 02:58:27 ℹ Powered by #Robostopia;0
"This tweet, ""Google-owned video-sharing platform YouTube reportedly ran a malicious ad for the Electrum Bitcoin wal… https://t.co/alBeDY7YCh";"This tweet, ""Google-owned video-sharing platform YouTube reportedly ran a malicious ad for the Electrum Bitcoin wallet by mistake.... #decrypted #blockchain #bitcoinScams https://t.co/asedTV1LUU"" hasn't been tweeted more than 0 times.";-0.2
Top 5 Cryptocurrencies - Current Prices  Bitcoin $BTC: $3,984.45 ⬆️ +0.27% Ethereum $ETH: $135.40 ⬆️ +0.13% XRP… https://t.co/sDMdYctNMO;Top 5 Cryptocurrencies - Current Prices  Bitcoin $BTC: $3,984.45 ⬆️ +0.27% Ethereum $ETH: $135.40 ⬆️ +0.13% XRP $XRP: $0.305208502 ⬆️ +0.80% Litecoin $LTC: $59.36 ⬆️ +0.75% EOS $EOS: $3.76 ⬆️ +1.90% 🚀🚀;0
"Top 100 avg 24h return: 0.7±5.4%; 52 up, 48 down $BTC 0.5%  $ETH 0.2% Best: 46.1% $ENG @enigmampc 13.3% $WICC… https://t.co/E6MWc0kMxT";"Top 100 avg 24h return: 0.7±5.4%; 52 up, 48 down $BTC 0.5%  $ETH 0.2% Best: 46.1% $ENG @enigmampc 13.3% $WICC @wayki_chain 7.2% $WTC @Waltonchain 5.6% $BAT @attentiontoken 5.5% $PIVX @_pivx Worst: -6.0% $XVG -6.2% $CRO -6.6% $RVN -6.9% $QBIT -8.4% $ABBC #cryptotrading #crypto https://t.co/tDOiXejMqt";0
03-27 00:00(GMT) #SPINDLE price  $SPD (BTC) Yobit   :0.00000016 HitBTC  :0.00000014 LiveCoin:0.00000014  $SPD (JPY)… https://t.co/faK6CG5YeD;03-27 00:00(GMT) #SPINDLE price  $SPD (BTC) Yobit   :0.00000016 HitBTC  :0.00000014 LiveCoin:0.00000014  $SPD (JPY) Yobit   :0.07 HitBTC  :0.06 LiveCoin:0.06;0
Blockchain (i) Scalability (ii) Throughput (iii) Energy Solved! https://t.co/5FXVF9IBwX #kickstarter #philadelphia… https://t.co/wT06spDwei;Blockchain (i) Scalability (ii) Throughput (iii) Energy Solved! https://t.co/5FXVF9IBwX #kickstarter #philadelphia #cybersecurity #sydney #AVCJsingapore #crowdfunding #tampa #bonus #honolulu #sandeigo #washingtonDc #BitCoin #initialcoinofferings #fund #lasvegas #stlouis #madison https://t.co/9rwZ0JiC8p;0
RT @XPAtwopointoh: Retweet And Tweet the pinned post and tag 5 friends Airdrop XPA Token Has begun XPA Available in coinmarketcap For all u…;Retweet And Tweet the pinned post and tag 5 friends Airdrop XPA Token Has begun XPA Available in coinmarketcap For all users 7000 XPA Token 78$ Invite friends  50 XPA TOKEN 0.50$  Join Now: https://t.co/N8nzO3mzet #Airdrops #airdrop #XPA #BTC #ETH #Token #USA #CryptoNews;0.2
Another hour! It's #WEALTHGENERATION TIME get HYIPPEPE at https://t.co/Tsw4BmYQ5h #bitcoin https://t.co/EtWEJUBFqz;None;0
#MTH - Sharp decrease 1h: -12.7% V: 13.9M$ on https://t.co/fC7n9Xb8X9   Users are notified 1H ago via… https://t.co/0zufOOEPov;"#MTH - Sharp decrease 1h: -12.7% V: 13.9M$ on https://t.co/fC7n9Xb8X9   Users are notified 1H ago via https://t.co/mfcT6cyBbr &amp; App.   #blockchain #cryptocurrency #altcoins #coinalert #crypto $MTH $BTC $ETH $XRP $BCH $LTC $EOS $NEO $TRX $BTT #binance #okex https://t.co/1hCoK8mzhS";0
"Top 100 avg 1h return: 0.5±1.8%; 74 up, 25 down $BTC 0.3%  $ETH 0.1% Best: 13.9% $ENG @enigmampc 4.2% $PIVX @_pivx… https://t.co/fSmDGtUAVo";"Top 100 avg 1h return: 0.5±1.8%; 74 up, 25 down $BTC 0.3%  $ETH 0.1% Best: 13.9% $ENG @enigmampc 4.2% $PIVX @_pivx 4.0% $AOA @AuroraOffic_en Top 101-200 avg 1h return: 0.4±1.6%; 72 up, 28 down Best: 11.6% $VEST @vestchain 4.1% $NRG @Energicrypto 2.4% $VTC @Vertcoin  #altcoins https://t.co/LajTcDQ7av";0
Strategy: Strategy_0 Product ID: BTC-USD Invest: False Time of Prediction: 2019-03-27 00:00:03 UTC Prediction:  The… https://t.co/1IZGKYuhfy;Strategy: Strategy_0 Product ID: BTC-USD Invest: False Time of Prediction: 2019-03-27 00:00:03 UTC Prediction:  The final closing price of BTC-USD will be LOWER on 2019-03-27 UTC than on 2019-03-26 UTC.;-0.2
Weiss Ratings Ranks XRP, EOS, Bitcoin As Top Cryptocurrency Projects https://t.co/kipFhah9Ie;None;0
Free Bitcoin Mining earn without investing anything join now for free https://t.co/vxGVRuP1Vz #ShareTheBlessings;None;0.2
BTC hourly update $3949.67    |    +0.0021%📈 $BTC #BTCUSD #Bitcoin;None;0
USD: 110.520 EUR: 124.600 GBP: 146.008 AUD:  78.867 NZD:  76.347 CNY:  16.454 CHF: 111.209 BTC: 433,225 ETH: 14,705 Wed Mar 27  09:00 JST;None;0
Price Update: 1 #Bitcoin = $3,942.26 📈   #cryptocurrency $BTC source https://t.co/Rhm8c4MrrZ;None;0
#BTC  Bitcoin USD: 3954.83  Bitcoin EUR: 3463.33  Bitcoin Yen: 431000.16  Bitcoin Ruble: 244184.65   #CgAn BTC AdDr… https://t.co/Nr8qz3hV5Z;#BTC  Bitcoin USD: 3954.83  Bitcoin EUR: 3463.33  Bitcoin Yen: 431000.16  Bitcoin Ruble: 244184.65   #CgAn BTC AdDreSs: 1Bhgvcsm3P59fSCLg5G6DSstpV4srk5JTy https://t.co/gqKCeQwU0C;0
#BTC  Bitcoin EUR: 3463.33  Bitcoin USD: 3954.83  Bitcoin Ruble: 244184.65  Bitcoin Yen: 431000.16   #CgAn BTC AdDr… https://t.co/5oWEWpI1lS;#BTC  Bitcoin EUR: 3463.33  Bitcoin USD: 3954.83  Bitcoin Ruble: 244184.65  Bitcoin Yen: 431000.16   #CgAn BTC AdDreSs: 1Bhgvcsm3P59fSCLg5G6DSstpV4srk5JTy https://t.co/F4NDCYIJNX #ICC;0
@coinalert_live Аutomated trading! Traders from UK know how to earn fast 1.5%-2% daily fully automated! 👑🎉  Registe… https://t.co/bo0D7dysQ0;@coinalert_live Аutomated trading! Traders from UK know how to earn fast 1.5%-2% daily fully automated! 👑🎉  Register today and convert your $100 into $14.500 :  ✅ https://t.co/fyzqvmgamH  ✅  $BTS $BTCP $BTG $BTC $BTO $BTM $BURST ⭕ 1006751225;0.2
Singapore’s DragonEx Reports Hack, Releases Suspected Wallet Addresses https://t.co/zlFbRoQ4zq #Bitcoin… https://t.co/0tZza4xmZ4;Singapore’s DragonEx Reports Hack, Releases Suspected Wallet Addresses https://t.co/zlFbRoQ4zq #Bitcoin #Privacyampsecurity https://t.co/2V9yO1y3gy;0
Tim Draper Advises Argentina's President To Make Bitcoin Legal Tender https://t.co/xCSxcV4fDl… https://t.co/Yu59kRBc1C;Tim Draper Advises Argentina's President To Make Bitcoin Legal Tender https://t.co/xCSxcV4fDl https://t.co/r6QibnfNuu #gethashed https://t.co/yTGwVnXUVn;0.2
#Binance update  #YOYO  6% up  Join our Telegram channel : https://t.co/pCgDsTlCfd   #bitcoin #BTC #ETH #XRP #LTC… https://t.co/DcBsYibgk1;#Binance update  #YOYO  6% up  Join our Telegram channel : https://t.co/pCgDsTlCfd   #bitcoin #BTC #ETH #XRP #LTC #BCH #cryptocurrency #Crypto #cryptotrading;0
"https://t.co/NBF6P8O8KG &lt;&lt;&lt; Don't pass up easy ₿ like this,Refer friends &amp; receive 10% of their earnings too… https://t.co/2kO34SFbcj";"https://t.co/NBF6P8O8KG &lt;&lt;&lt; Don't pass up easy ₿ like this,Refer friends &amp; receive 10% of their earnings too #Bitcoin #BTC #Crypto #CryptoCurrency #WorkFromHome https://t.co/KaL0qYUowz";0.2
RT @SonofaBitcoin01: $GENX maturity-based #masternodes go active on block 325,000 in about 6 days. Set up your masternode now.  More info @…;$GENX maturity-based #masternodes go active on block 325,000 in about 6 days. Set up your masternode now.  More info @ https://t.co/lsnRicV3BJ   Check out the @genx_network wiki at https://t.co/5IpOGur1d0 for easy to follow guides.  #genesisnetwork #crypto #bitcoin #digitalassets https://t.co/yMX5XlIASh;0
Top 3 candidates for reversal for Mar 27 on @binance (1) ETH (2) XRP (3) XLM #altcoins #bitcoin #ET #XR #XL;None;0
An user is now 708.62 mBTC richer by forecasting Kevin Anderson To Win Set 1 vs. Jordan Thompson To Win Set 1 at… https://t.co/OoCg23Liuk;An user is now 708.62 mBTC richer by forecasting Kevin Anderson To Win Set 1 vs. Jordan Thompson To Win Set 1 at https://t.co/wUVrybPVDB #Fairlay #Bitcoin #Crypto #Prediction Market;0
RT @CryptoBrekkie: Been fun Miami! ✈️  Time to get my ass back to LA and make some more Bitcoin art to show off at @cryptoinvestsmt in @hap…;Been fun Miami! ✈️  Time to get my ass back to LA and make some more Bitcoin art to show off at @cryptoinvestsmt in @happeninginDTLA 😎  Btw I'll have a booth at CIS so if you're there you better come say oh hello to me und grab yourself a free dirty Fiat sticker ✌🏻❤️🚀 https://t.co/wApKCNFbUM;0.4
Hurry! 10.48% direct arbitrage in #DOGE. If you buy DOGE in BTC market from #HitBTC and sell it on #BitBns in INR m… https://t.co/nBi0C83CPJ;Hurry! 10.48% direct arbitrage in #DOGE. If you buy DOGE in BTC market from #HitBTC and sell it on #BitBns in INR market, you can make a maximum profit of 2745.99.;-0.2
The latest The Council Magazine! https://t.co/nAEGPAPtyi Thanks to @infoguy411 @longtalltexan20 @newark_arts #news #bitcoin;None;0
Hey its the top of the hour time to beg mrbeastyt for a bitcoin. Pls give me a bitcoin https://t.co/qVSZ6CWDk3;None;0
RT @notgrubles: @danheld He was soo way off. The forked chain experienced hyperinflation, strip mining, and extremely long block times and…;"@danheld He was soo way off. The forked chain experienced hyperinflation, strip mining, and extremely long block times and required a separate hard fork afterwards to fix the intentional emergency difficulty drop ""bug"". Bitcoin just experienced minor inconvenience.";-0.4
@derose @highsidecrypto @CryptoN_T @bitcuin @CryptoBacon @DeaterBob @Joe_Saz @HomelessOnMoon @fittysebum… https://t.co/FeCPyNuf0o;@derose @highsidecrypto @CryptoN_T @bitcuin @CryptoBacon @DeaterBob @Joe_Saz @HomelessOnMoon @fittysebum @BitcoinJerry @PsychedelicBart @hodlonaut @CarstenBKK @Hanakookie1 @SleepDoctors @PhoenixLoneWolf @marketvoyeur @bennd77 @PaulADW @BTC_Spot @piratebeachbum @BitcoinGent @FarmerNerdtv @ruben_johansen @F0nta1n3 @generalbyztn @jpthor__ @21MillionCoins @TheDesignFlaw @WildB19 @bitgeiniog @allene418 @hashamadeus @Arlos_Guitar @WhiteRabbitBTC @MattKvenild @binarydreaming @gator_bitcoin @MaximusBitcoin @2357_is_prime @pourteaux @Coinbagger1 @6102bitcoin @raiden321 @SaifuddinJalil @mikeinspace Bitcoin twitter- Deroses 1-0  #MOMIMhUnGRY!!!!!;0
Site Engineer. - BrownLee Dean ( Nottingham, United Kingdom )  - [ ➡ https://t.co/2ToceN9F35 ] #Robotics #AI… https://t.co/xdoV83hqrN;Site Engineer. - BrownLee Dean ( Nottingham, United Kingdom )  - [ ➡ https://t.co/2ToceN9F35 ] #Robotics #AI #ArtificailIntelligence #Robots #AI  #jobs #Hiring #Careers  #Cryptocurrency #Blockchain #BTC #BitCoin #ETH #crypto https://t.co/2BiFaO73qe;0
https://t.co/LcpjurevwH is for #sale! #harlem #streetball #sports #dunk #basketball #domain #domains #selldomain… https://t.co/KubqwIzegz;https://t.co/LcpjurevwH is for #sale! #harlem #streetball #sports #dunk #basketball #domain #domains #selldomain #domainnames #crypto #btc #bitcoin #eth #ilovethisgame #fashion #nba #lifestyle #game #forum #website #blog #app #software #up #bigdunk #team #coach #strategy #plan https://t.co/liUTgM6GeQ;0
"RT @Crypto_Mags: #Compliance rockstar Amber @OutlierCanada provides amazing free resources to help conduct #duediligence &amp; mitigate the ris…";"#Compliance rockstar Amber @OutlierCanada provides amazing free resources to help conduct #duediligence &amp; mitigate the risk of running into a #QuadrigaCX-like situation when running your #crypto #Bitcoin #cryptomining #blockchain business in Canada  #MPWRsummit https://t.co/gZ4ShPPIfN";0
#Bitcoin - A rapid change through digital currencies that may profoundly affect the ​future https://t.co/GPhwQvhJha https://t.co/trsZR3Ne9A;None;-0.2
$BTCUSD closes above its opening price after recovering from early selling pressure: https://t.co/QS0p7XKW9l Sentim… https://t.co/PHpChJFrwI;$BTCUSD closes above its opening price after recovering from early selling pressure: https://t.co/QS0p7XKW9l Sentiment: Neutral #BTCUSD #BTC #Bitcoin;0
$BTCUSD closes above its opening price after recovering from early selling pressure: https://t.co/0XiQ9opZea Sentim… https://t.co/OJbXO6Q3La;$BTCUSD closes above its opening price after recovering from early selling pressure: https://t.co/0XiQ9opZea Sentiment: Neutral #BTCUSD #BTC #Bitcoin;0
"RT @ErikvanDijk: ""#XRP, the world's third largest coin by market capitalization according to CMC, is ranked “A,” and per the report is the…";"""#XRP, the world's third largest coin by market capitalization according to CMC, is ranked “A,” and per the report is the “best positioned” to compete with SWIFT — a global system for interbank transactions."" #0doubt #XRPthestandard https://t.co/fZNUNvjh17";0.4
Market Update: The price of #BitcoinCash is currently $160.59  #Crypto $BCH #BCH  View the coin here here: https://t.co/AJxMUyX6Bh;None;0
$ETH / $BTC marketcap ratio = 20.3% #crypto #marketcap;None;0
Bitcoin Futures Launch Hits Regulatory Snag: https://t.co/ZCwzVibMDz;None;0
#Bitcoin $3,945.32 v #BitcoinCash $281.30 (BTC/BCH 14.0), Avg Transaction fee for #Bitcoin ~$0.36 v #BitcoinCash ~$… https://t.co/Bt6nkJHOV8;#Bitcoin $3,945.32 v #BitcoinCash $281.30 (BTC/BCH 14.0), Avg Transaction fee for #Bitcoin ~$0.36 v #BitcoinCash ~$0.00 - 2019/03/27 09:00JST;0
RT @6102bitcoin: Finally got through every suggestion for additions to https://t.co/KlrJ0V652f. Some were added, most weren't suitable, a f…;Finally got through every suggestion for additions to https://t.co/KlrJ0V652f. Some were added, most weren't suitable, a few are on my watchlist / need further research. Any more suggestions please get in touch, will move to GitHub at some point to make it easier to see progress.;0.2
Strategy: Strategy_0 Product ID: BTC-USD Invest: False Time of Prediction: 2019-03-27 00:00:03 UTC Prediction:  The… https://t.co/U99Liw273c;Strategy: Strategy_0 Product ID: BTC-USD Invest: False Time of Prediction: 2019-03-27 00:00:03 UTC Prediction:  The final closing price of BTC-USD will be LOWER on 2019-03-27 UTC than on 2019-03-26 UTC.;0
Name: High Performance Blockchain Symbol: HPB Volume 24hr: 2,628,944.97773 Marketcap: 13,406,290.3475 Percent Chang… https://t.co/bzqjzXhpHN;Name: High Performance Blockchain Symbol: HPB Volume 24hr: 2,628,944.97773 Marketcap: 13,406,290.3475 Percent Change 1hr: -0.1 Price: $0.30734 USD URL: https://t.co/WUll4p7twa #crypto #bitcoin #adk #aidoskuneen;0
Join us on telegram: https://t.co/a1efahp1PB  #crypto #bitcoin #cryptocurrency #btc #money #trading #ico… https://t.co/pMGpBHvwD7;Join us on telegram: https://t.co/a1efahp1PB  #crypto #bitcoin #cryptocurrency #btc #money #trading #ico #cryptocurrencies #eth #litecoin #investor #trader #cryptonews #bitcoinnews #investment #business #altcoin https://t.co/1Lw8w59r6T;0
New post: https://t.co/BYgFnlNWew Is Giving Away 6 Tickets for the Anon Blockchain Summit in Austria https://t.co/50neQeRai0;None;0
RT @crypteus_chain: AIRDROP IS COMING!!!  10 BNB and 1.5 ETH to 2 lucky winners! 🤑🤑🤑  To participate,  RT  Follow @crypteus_chain  Join htt…;Partnership airdrops!!!   🚀Launch of AvitiX Token, 1,000,000,000 Airdrop for first 1000 people.  EACH will get 1,000,000 AVTX!  Name: AVITIX Symbol: AVTX Supply: 10,000,000,000  Just complete the easy criteria in the google form.  https://t.co/4FGrRmPsfG  #airdrops #btc #eth;0.2
CoinMarketCap Concedes Fake Trading Volume Concerns Are ‘Valid’ https://t.co/uoCccR7CsG   #bitcoin #bitcoinnews… https://t.co/tdSrNEbNZE;CoinMarketCap Concedes Fake Trading Volume Concerns Are ‘Valid’ https://t.co/uoCccR7CsG   #bitcoin #bitcoinnews #ethereum #ripple #litecoin #crypto #cryptocurrency #cryptoupdate #cryptocurrencynews #blockchain #ltc #btc #xrp #eth;0
27-Mar-19, 1:00 AM, BTC-Price: 3481.20, Last buy: 3471.70, Wavetrend: 8.80, Current Trade Return: 0.27pct;None;0
##Bitcoin (#BTC) Breaks Below 4,000 as Analysts Expect Continued Near-Term Weakness: After trading… https://t.co/oDuPIeeAWy #Blockchain;None;0
Stop the pain Today Tvia non addictive pain management https://t.co/nv7XPl95kM #pain #painmanagement #nonaddictive… https://t.co/gNsTcFyo0E;Stop the pain Today Tvia non addictive pain management https://t.co/nv7XPl95kM #pain #painmanagement #nonaddictive #ad #wsj #nytimes #reuters #newyork #business #cnn #bet #foxnews #bitcoin #blockchain #crypto #energy #cannabis #CBD #weed #LAtimes #miami #chicago #Tvia #latimes https://t.co/bo7zb4dkxw;-0.8
RT @Cj11197: The Brightest , most talented, hardest working, and Dedicated team in #Crypto is 🌟 #apollocurrency🌟. They have created the fas…;Holy smoke. When Apollo (APL) told us they are developing sharding we were skeptical, the technical challenges are insurmountable. Yet its here, going live 04/01, making it the only blockchain to achieve this. We are extraordinarily proud to be Apollo's official hardware wallet. https://t.co/FNJ6EyQ5Cg;0.2
Learn more about Bitcoin on our site: https://t.co/zC6O2Xrv0Q https://t.co/Edg9CESYLh;None;0
@statstrader @Bitcoin 4% keep up;None;0
#bitcoin #[btc] and other #mineable #cryptocurrencies #account for around #70% of #total #market #capitalization… https://t.co/HFSI9UDoZI;#bitcoin #[btc] and other #mineable #cryptocurrencies #account for around #70% of #total #market #capitalization  #cryptocurrency #blockchain #xrp #altcoins #SmartCash #fintech #decentralized $BTC $CNY $JPY #stockmarket #retweet https://t.co/LQ9Qzck5Df;0
Site Engineer. - Octago Group ( Hatfield, United Kingdom )  - [ ➡ https://t.co/uX9nqvcatX ] #Robotics #AI… https://t.co/1Fk8Wxlaym;Site Engineer. - Octago Group ( Hatfield, United Kingdom )  - [ ➡ https://t.co/uX9nqvcatX ] #Robotics #AI #ArtificailIntelligence #Robots #AI  #jobs #Hiring #Careers  #Cryptocurrency #Blockchain #BTC #BitCoin #ETH #crypto https://t.co/S7SC0eho3d;0
RT @Airdropnotecom: #Bitcoin #Satoshi #crypto Crypto Wallet #XAPO 📢  Xapo the world's most secure bitcoin #wallet. Buy bitcoins, make purch…;#Bitcoin #Satoshi #crypto Crypto Wallet #XAPO 📢  Xapo the world's most secure bitcoin #wallet. Buy bitcoins, make purchases and send money anywhere around the world with Xapo's convenient, secure ...  1. Sign Up Here : https://t.co/nVuDZZnFeP 🚀  2. Verify you mobile number https://t.co/Q4tku5XLRC;0.6
Fuck You (#BTC) Overkill  https://t.co/tHZiiMOTa8;None;-0.8
@GalilelEN Galilel v3.3.0 wallet is coming: 1. Zerocoin Lightnode Protocol 2. Masternode voting tab in the UI  3. W… https://t.co/3O911cX1jz;@GalilelEN Galilel v3.3.0 wallet is coming: 1. Zerocoin Lightnode Protocol 2. Masternode voting tab in the UI  3. Wrapped Serials Exploit fix for Zerocoin based blockchains. 4. Lots of stability  #masternode $pivx $dash #btc;0.2
The Imminent Failure of Quantum Computing https://t.co/twLhjeE8Ll #perth #tampa #iconomi #icotracker #tokyo… https://t.co/t3uKUaceHw;The Imminent Failure of Quantum Computing https://t.co/twLhjeE8Ll #perth #tampa #iconomi #icotracker #tokyo #chicago #charlotte #lasvegas #washingtonDc #Top10 #detroit #blockchain #Startups #chicago #boise #bitcoin #dubai #singapore #privateequity #italy #chille #sale #melbourne https://t.co/nN11idh3Tk;-0.4
RT @tradingroomapp: My @tradingview Account  If you want to check my latest charts for $BTC $ETH $BCH $EOS $BTT $ADA  Tomorrow I will post…;My @tradingview Account  If you want to check my latest charts for $BTC $ETH $BCH $EOS $BTT $ADA  Tomorrow I will post $LTC $XLM $ZRX $XRP $TRX  https://t.co/QLxVZmt4X0;0
RT @CryptoHodlers_: “DigiByte’s [DGB] block time is 40x faster than that of Bitcoin, processing each block within 15 seconds as opposed to…;“DigiByte’s [DGB] block time is 40x faster than that of Bitcoin, processing each block within 15 seconds as opposed to 10 minutes...”🔥 $DGB #Blockchain https://t.co/NLosaIT5v1;-0.4
Initial Coin Offerings: Best Practices And The Future Of Fundraising  https://t.co/JtejcZjupj #bitcoin @blockchainflux;None;0
1 #BTC (#Bitcoin) quotes: $3916.26/$3917.64 #Bitstamp $3917.81/$3918.90 #Kraken ⇢$0.17/$2.64;None;0
@BitmainCoin @ptwangy @coinstalker_ @sskknn00 @Bitcoin @jack No doubt, who feeds ptwang this crap. Sounds like a li… https://t.co/azfQlWI5NX;@BitmainCoin @ptwangy @coinstalker_ @sskknn00 @Bitcoin @jack No doubt, who feeds ptwang this crap. Sounds like a little mini roger. Whatever chain has more volume is bitcoin. Satoshi said this himself. I also can’t find the proof of stake chapter in the white paper.....;-0.4
RT @sirtoshiv: SV = Satoshi's Vision Satoshi's Vision = Bitcoin Bitcoin = The original protocol The origional protocol = SV  The best way t…;SV = Satoshi's Vision Satoshi's Vision = Bitcoin Bitcoin = The original protocol The origional protocol = SV  The best way to get ppl to understand Bitcoin is to explain to them what SV is. Bitcoin is #BSV  SV will soon be referred to as Bitcoin 👍;0.6
RT @XPAtwopointoh: Retweet And Tweet the pinned post and tag 5 friends Airdrop XPA Token Has begun XPA Available in coinmarketcap For all u…;1;0
"CLINICALL CONTEST! Win up to 1,500 CLINICALL (CHT) &amp; 0.30 BTC by doing social tasks! Sign up for this awesome conte… https://t.co/aQOf1PsvjM";"CLINICALL CONTEST! Win up to 1,500 CLINICALL (CHT) &amp; 0.30 BTC by doing social tasks! Sign up for this awesome contest! https://t.co/UK1YHR20lP INCLUDING RANDOM WINNERS! #crypto #healthcare #blockchain  #clinicall #crypto #CHT #win #free #contest";0.6
